continent,general_rows,monster_rows,combined_rows,range_general,range_monster,range_combined,good,normal,hard,conditional,cond_if,cond_callback,cond_both,monster_total,monster_normal,monster_elite,monster_boss,boss_exclusive_count,map_exclusive_count
1,245,0,245,1/1 ~ 1/2600,-,1/1 ~ 1/2600,191,36,18,0,0,0,0,0,0,0,0,0,0
2,570,23,593,1/1 ~ 1/15988888,1/58 ~ 1/128,1/1 ~ 1/15988888,207,251,133,2,0,2,0,19,6,6,7,0,3
3,758,16,774,1/1 ~ 1/14988888,1/128 ~ 1/500,1/1 ~ 1/14988888,165,336,211,62,59,3,0,15,8,3,4,0,6
4,175,128,303,1/1 ~ 1/8988888,1/1 ~ 1/5000,1/1 ~ 1/8988888,36,97,158,12,10,2,0,86,37,22,27,1,30
5,200,0,200,1/1 ~ 1/14988888,-,1/1 ~ 1/14988888,45,49,82,24,17,7,0,0,0,0,0,0,0
6,191,0,191,1/1 ~ 1/24888880,-,1/1 ~ 1/24888880,44,55,82,10,8,2,0,0,0,0,0,0,0
7,141,0,141,1/1 ~ 1/14988888,-,1/1 ~ 1/14988888,14,48,62,17,15,2,0,0,0,0,0,0,0
8,15,0,15,1/1 ~ 1/1555,-,1/1 ~ 1/1555,8,5,0,2,0,2,0,0,0,0,0,0,0
9,15,0,15,1/1 ~ 1/1555,-,1/1 ~ 1/1555,8,5,0,2,0,2,0,0,0,0,0,0,0
