continent,combined_rows,range_total,q1,q2,q3,good_count,normal_count,hard_count,extreme_count,conditional_count,conditional_if,conditional_callback,boss_exclusive_count,map_exclusive_count
1,245,1/1 ~ 1/2600,11,28,69,64,66,57,58,0,0,0,0,0
2,593,1/1 ~ 1/15988888,58,288,958,168,147,134,144,2,0,2,0,3
3,774,1/1 ~ 1/14988888,168,422,2555,210,182,197,185,62,59,3,0,6
4,303,1/1 ~ 1/8988888,388,1300,2600,77,77,76,73,12,10,2,1,30
5,200,1/1 ~ 1/14988888,188,1088,66999,54,51,46,49,24,17,7,0,0
6,191,1/1 ~ 1/24888880,188,988,3888,56,43,47,45,10,8,2,0,0
7,141,1/1 ~ 1/14988888,388,1088,3888,43,30,35,33,17,15,2,0,0
8,15,1/1 ~ 1/1555,2,100,688,4,4,4,3,2,0,2,0,0
9,15,1/1 ~ 1/1555,2,100,688,4,4,4,3,2,0,2,0,0
